INSERT INTO `Volunteers` 
(`vol_id`,`first_name`,`last_name`,`phone_num`,`email`,`createdAt`,`updatedAt`) VALUES
(12,'Tom','Franklin','913-555-2345','tfranklin@hey.com','2018-05-15 00:00:00','2018-05-15 00:00:00');
INSERT INTO `Volunteers` 
(`vol_id`,`first_name`,`last_name`,`phone_num`,`email`,`createdAt`,`updatedAt`) VALUES
(2,'Kalie','Smith','816-555-5432','ksmith@hey.com','2018-05-15 00:00:00','2018-05-15 00:00:00');
INSERT INTO `Volunteers` 
(`vol_id`,`first_name`,`last_name`,`phone_num`,`email`,`createdAt`,`updatedAt`) VALUES
(3,'Pat','Simms','913-555-2233','psimms@hey.com','2018-05-15 00:00:00','2018-05-15 00:00:00');
INSERT INTO `Volunteers` 
(`vol_id`,`first_name`,`last_name`,`phone_num`,`email`,`createdAt`,`updatedAt`) VALUES
(4,'James','White','816-555-9876','jwhite@hey.com','2018-05-15 00:00:00','2018-05-15 00:00:00');
INSERT INTO `Volunteers` 
(`vol_id`,`first_name`,`last_name`,`phone_num`,`email`,`createdAt`,`updatedAt`) VALUES
(5,'Sam','Resende','913-555-7643','sresende@hey.com','2018-05-15 00:00:00','2018-05-15 00:00:00');
INSERT INTO `Volunteers` 
(`vol_id`,`first_name`,`last_name`,`phone_num`,`email`,`createdAt`,`updatedAt`) VALUES
(6,'Sonia','Johnson','913-555-1198','sjohnson@hey.com','2018-05-15 00:00:00','2018-05-15 00:00:00');
INSERT INTO `Volunteers` 
(`vol_id`,`first_name`,`last_name`,`phone_num`,`email`,`createdAt`,`updatedAt`) VALUES
(7,'Patrick','Kearney','555-888-7777','patrick@progamminghack.com','2018-05-18 20:36:05','2018-05-18 20:36:05');
INSERT INTO `Volunteers` 
(`vol_id`,`first_name`,`last_name`,`phone_num`,`email`,`createdAt`,`updatedAt`) VALUES
(8,'James','Edwards','888-777-9999','jimmy@bigrig.com','2018-05-18 21:00:39','2018-05-18 21:00:39');
INSERT INTO `Volunteers` 
(`vol_id`,`first_name`,`last_name`,`phone_num`,`email`,`createdAt`,`updatedAt`) VALUES
(9,'Patrick','Edwards','888-777-9999','pedwards@coding.com','2018-05-18 21:13:47','2018-05-18 21:13:47');
INSERT INTO `Volunteers` 
(`vol_id`,`first_name`,`last_name`,`phone_num`,`email`,`createdAt`,`updatedAt`) VALUES
(10,'George','Glass','333-444-5555','gglass@imaginary.com','2018-05-18 21:27:00','2018-05-18 21:27:00');
INSERT INTO `Volunteers` 
(`vol_id`,`first_name`,`last_name`,`phone_num`,`email`,`createdAt`,`updatedAt`) VALUES
(11,'Jim','Jones','444-555-7777','jimjones@koolaid.com','2018-05-18 21:32:14','2018-05-18 21:32:14');
INSERT INTO `Events` 
(`event_id`,`event_name`,`event_desc`,`event_loc`,`event_date`,`event_time`,`createdAt`,`updatedAt`,`OrganizationOrgId`) VALUES
(1,'Gardening','Need help picking weeds out of our community garden.  Please\nunderstand it will be hot outside and to bring sunscreen.  Thank you for your help','South Babtist Church','2018-05-31','12:00:00','2018-05-15 00:00:00','2018-05-15 00:00:00',1);
INSERT INTO `Events` (`
event_id`,`event_name
`,`event_desc`,`event_loc`,`event_date`,`event_time`,`createdAt`,`updatedAt`,`OrganizationOrgId`) VALUES
(2,'Car Wash','Need some volunteers for our fundraiser car wash.  Please\nunderstand it will be hot outside and to bring sunscreen.  Thank you for your help','North High School','2018-05-27','12:00:00','2018-05-15 00:00:00','2018-05-15 00:00:00',3);
INSERT INTO `Events` (`
event_id`,`event_name
`,`event_desc`,`event_loc`,`event_date`,`event_time`,`createdAt`,`updatedAt`,`OrganizationOrgId`) VALUES
(3,'Filing','We are remodeling and would love some volunteers to help us organize and file!  Thank you for your help!','Blue Cross','2018-05-17','12:00:00','2018-05-15 00:00:00','2018-05-15 00:00:00',4);
INSERT INTO `Events` (`
event_id`,`event_name
`,`event_desc`,`event_loc`,`event_date`,`event_time`,`createdAt`,`updatedAt`,`OrganizationOrgId`) VALUES
(4,'Church Picnic','Eat Your Heart Out!','South Church Fair Grounds','2018-05-31','12:00:00','2018-05-19 04:23:13','2018-05-19 04:23:13',3);
INSERT INTO `Events` (`
event_id`,`event_name
`,`event_desc`,`event_loc`,`event_date`,`event_time`,`createdAt`,`updatedAt`,`OrganizationOrgId`) VALUES
(5,'Notrh High School 10k Fun Run','Volunteers needed to man the water tables, first-aid station, and the provide security.','Crissy Field','2018-06-04','09:00:00','2018-05-19 04:32:05','2018-05-19 04:32:05',3);
INSERT INTO `Events` (`
event_id`,`event_name
`,`event_desc`,`event_loc`,`event_date`,`event_time`,`createdAt`,`updatedAt`,`OrganizationOrgId`) VALUES
(6,'Senior Secret Santa','Volunteers needed to provide transportation to local seniors for our annual choir performance and gift exchange.','North High School','2018-12-20','15:00:00','2018-05-19 04:34:15','2018-05-19 04:34:15',3);
INSERT INTO `Events` (`
event_id`,`event_name
`,`event_desc`,`event_loc`,`event_date`,`event_time`,`createdAt`,`updatedAt`,`OrganizationOrgId`) VALUES
(7,'Laskeshore Clean Up','Clean up the park.','West Lake Park','2108-06-05','12:00:00','2018-05-19 11:20:43','2018-05-19 11:20:43',3);
INSERT INTO `Events` (`
event_id`,`event_name
`,`event_desc`,`event_loc`,`event_date`,`event_time`,`createdAt`,`updatedAt`,`OrganizationOrgId`) VALUES
(8,'Seniors Summer Picnic','Volunteers needed to talk with seniors, set-up, food service and cleanup.','Golden Palms Senior Center','2018-06-04','12:00:00','2018-05-19 17:08:58','2018-05-19 17:08:58',3);
INSERT INTO `Events` (`
event_id`,`event_name
`,`event_desc`,`event_loc`,`event_date`,`event_time`,`createdAt`,`updatedAt`,`OrganizationOrgId`) VALUES
(9,'Seniors Bingo','Helping Seniors','St Mary\'s Rectory','2018-05-30','12:00:00','2018-05-19 18:56:40','2018-05-19 18:56:40',5);

INSERT INTO `Organizations` (`org_id`,`organizer`,`email`,`phone_num`,`createdAt`,`updatedAt`) VALUES (1,'South Baptist Church','sbc@church.org','816-326-7643','2018-05-15 00:00:00','2018-05-15 00:00:00');
INSERT INTO `Organizations` (`org_id`,`organizer`,`email`,`phone_num`,`createdAt`,`updatedAt`) VALUES (2,'Westend Ministry','west@church.org','816-235-1845','2018-05-15 00:00:00','2018-05-15 00:00:00');
INSERT INTO `Organizations` (`org_id`,`organizer`,`email`,`phone_num`,`createdAt`,`updatedAt`) VALUES (3,'North High School','nhs@dist.edu','913-445-8365','2018-05-15 00:00:00','2018-05-15 00:00:00');
INSERT INTO `Organizations` (`org_id`,`organizer`,`email`,`phone_num`,`createdAt`,`updatedAt`) VALUES (4,'Blue Cross','bchelpers@help.org','913-234-9264','2018-05-15 00:00:00','2018-05-15 00:00:00');
INSERT INTO `Organizations` (`org_id`,`organizer`,`email`,`phone_num`,`createdAt`,`updatedAt`) VALUES (5,'Scranton Prep','jesuit@school.com','888-777-5555','2018-05-19 18:52:30','2018-05-19 18:52:30');

INSERT INTO `Users` (`id`,`email`,`password`,`hh_role`,`createdAt`,`updatedAt`) VALUES (1,'tfranklin@hey.com','h3llofr@nk','volunteer','2018-05-15 00:00:00','2018-05-15 00:00:00');
INSERT INTO `Users` (`id`,`email`,`password`,`hh_role`,`createdAt`,`updatedAt`) VALUES (2,'ksmith@hey.com','1mK@tieS00','volunteer','2018-05-15 00:00:00','2018-05-15 00:00:00');
INSERT INTO `Users` (`id`,`email`,`password`,`hh_role`,`createdAt`,`updatedAt`) VALUES (3,'psimms@hey.com','p@t1sHere12','volunteer','2018-05-15 00:00:00','2018-05-15 00:00:00');
INSERT INTO `Users` (`id`,`email`,`password`,`hh_role`,`createdAt`,`updatedAt`) VALUES (4,'jwhite@hey.com','H3lp3rJ@mes','volunteer','2018-05-15 00:00:00','2018-05-15 00:00:00');
INSERT INTO `Users` (`id`,`email`,`password`,`hh_role`,`createdAt`,`updatedAt`) VALUES (5,'sresende@hey.com','S@miAm01','volunteer','2018-05-15 00:00:00','2018-05-15 00:00:00');
INSERT INTO `Users` (`id`,`email`,`password`,`hh_role`,`createdAt`,`updatedAt`) VALUES (6,'sjohnson@hey.com','J0hn$0n#!','volunteer','2018-05-15 00:00:00','2018-05-15 00:00:00');
INSERT INTO `Users` (`id`,`email`,`password`,`hh_role`,`createdAt`,`updatedAt`) VALUES (7,'sbc@church.org','SBC!@#123','organization','2018-05-15 00:00:00','2018-05-15 00:00:00');
INSERT INTO `Users` (`id`,`email`,`password`,`hh_role`,`createdAt`,`updatedAt`) VALUES (8,'west@church.org','Min1sry*$','organization','2018-05-15 00:00:00','2018-05-15 00:00:00');
INSERT INTO `Users` (`id`,`email`,`password`,`hh_role`,`createdAt`,`updatedAt`) VALUES (9,'nhs@dist.edu','NHS@#$dist','organization','2018-05-15 00:00:00','2018-05-15 00:00:00');
INSERT INTO `Users` (`id`,`email`,`password`,`hh_role`,`createdAt`,`updatedAt`) VALUES (10,'bchelpers@help.org','blu3Cr0$$001','organization','2018-05-15 00:00:00','2018-05-15 00:00:00');
INSERT INTO `Users` (`id`,`email`,`password`,`hh_role`,`createdAt`,`updatedAt`) VALUES (11,'patrick@progamminghack.com','limejuice','volunteer','2018-05-18 20:36:05','2018-05-18 20:36:05');
INSERT INTO `Users` (`id`,`email`,`password`,`hh_role`,`createdAt`,`updatedAt`) VALUES (12,'jimmy@bigrig.com','vodka','volunteer','2018-05-18 21:00:39','2018-05-18 21:00:39');
INSERT INTO `Users` (`id`,`email`,`password`,`hh_role`,`createdAt`,`updatedAt`) VALUES (13,'pedwards@coding.com','whenpigsfly','volunteer','2018-05-18 21:13:47','2018-05-18 21:13:47');
INSERT INTO `Users` (`id`,`email`,`password`,`hh_role`,`createdAt`,`updatedAt`) VALUES (14,'gglass@imaginary.com','suddenly','volunteer','2018-05-18 21:27:00','2018-05-18 21:27:00');
INSERT INTO `Users` (`id`,`email`,`password`,`hh_role`,`createdAt`,`updatedAt`) VALUES (15,'jimjones@koolaid.com','refreshing','volunteer','2018-05-18 21:32:14','2018-05-18 21:32:14');
INSERT INTO `Users` (`id`,`email`,`password`,`hh_role`,`createdAt`,`updatedAt`) VALUES (16,'jesuit@school.com','beneponas','organization','2018-05-19 18:52:30','2018-05-19 18:52:30');

INSERT INTO `Volunteer_Events` (`id`,`vol_id`,`event_id`,`createdAt`,`updatedAt`) VALUES (1,1,1,'2018-05-15 00:00:00','2018-05-15 00:00:00');
INSERT INTO `Volunteer_Events` (`id`,`vol_id`,`event_id`,`createdAt`,`updatedAt`) VALUES (2,2,1,'2018-05-15 00:00:00','2018-05-15 00:00:00');
INSERT INTO `Volunteer_Events` (`id`,`vol_id`,`event_id`,`createdAt`,`updatedAt`) VALUES (3,3,1,'2018-05-15 00:00:00','2018-05-15 00:00:00');
INSERT INTO `Volunteer_Events` (`id`,`vol_id`,`event_id`,`createdAt`,`updatedAt`) VALUES (4,1,2,'2018-05-15 00:00:00','2018-05-15 00:00:00');
INSERT INTO `Volunteer_Events` (`id`,`vol_id`,`event_id`,`createdAt`,`updatedAt`) VALUES (5,2,2,'2018-05-15 00:00:00','2018-05-15 00:00:00');
INSERT INTO `Volunteer_Events` (`id`,`vol_id`,`event_id`,`createdAt`,`updatedAt`) VALUES (6,3,2,'2018-05-15 00:00:00','2018-05-15 00:00:00');
INSERT INTO `Volunteer_Events` (`id`,`vol_id`,`event_id`,`createdAt`,`updatedAt`) VALUES (7,4,1,'2018-05-15 00:00:00','2018-05-15 00:00:00');
INSERT INTO `Volunteer_Events` (`id`,`vol_id`,`event_id`,`createdAt`,`updatedAt`) VALUES (8,4,2,'2018-05-15 00:00:00','2018-05-15 00:00:00');
INSERT INTO `Volunteer_Events` (`id`,`vol_id`,`event_id`,`createdAt`,`updatedAt`) VALUES (9,1,5,'2018-05-15 00:00:00','2018-05-15 00:00:00');
INSERT INTO `Volunteer_Events` (`id`,`vol_id`,`event_id`,`createdAt`,`updatedAt`) VALUES (10,2,5,'2018-05-15 00:00:00','2018-05-15 00:00:00');
INSERT INTO `Volunteer_Events` (`id`,`vol_id`,`event_id`,`createdAt`,`updatedAt`) VALUES (11,2,6,'2018-05-15 00:00:00','2018-05-15 00:00:00');
INSERT INTO `Volunteer_Events` (`id`,`vol_id`,`event_id`,`createdAt`,`updatedAt`) VALUES (12,3,6,'2018-05-15 00:00:00','2018-05-15 00:00:00');
INSERT INTO `Volunteer_Events` (`id`,`vol_id`,`event_id`,`createdAt`,`updatedAt`) VALUES (13,4,6,'2018-05-15 00:00:00','2018-05-15 00:00:00');
INSERT INTO `Volunteer_Events` (`id`,`vol_id`,`event_id`,`createdAt`,`updatedAt`) VALUES (14,5,5,'2018-05-15 00:00:00','2018-05-15 00:00:00');
